title,artists,genres,danceability,energy,key,loudness,mode,speechiness,acousticness,instrumentalness,liveness,valence,tempo,time_signature
Buildings,"yung lean, thaiboy digital, bladee, yung lean / thaiboy digital / bladee","glitchcore, psychedelic hip hop, underground hip hop, cloud rap, drain",0.480035662651062,0.3088836669921875,3.787433385848999,-6.274173736572266,0.3601932227611542,0.1599721908569336,0.12360180914402008,0.20643021166324615,0.05281485617160797,0.29185885190963745,87.16255950927734,2.690958023071289
NEKOBASU,yung lean,"cloud rap, psychedelic hip hop, underground hip hop",0.5739439725875854,0.3855041265487671,4.534843444824219,-7.543096542358398,0.4103413224220276,0.20248018205165863,0.17623074352741241,0.24789950251579285,0.05223434790968895,0.35045570135116577,105.25993347167969,3.246398687362671
Motorola,yung lean,"cloud rap, psychedelic hip hop, underground hip hop",0.5732483267784119,0.41116955876350403,4.619379043579102,-7.408829689025879,0.40568891167640686,0.1979445070028305,0.13901017606258392,0.2406633496284485,0.07818861305713654,0.31077325344085693,107.09001922607422,3.326613187789917
3D SPACESHIP,yung lean,"cloud rap, psychedelic hip hop, underground hip hop",0.5176195502281189,0.3088800609111786,3.9841926097869873,-6.53057861328125,0.39702484011650085,0.16159112751483917,0.14883795380592346,0.225835382938385,0.06370378285646439,0.3020733892917633,91.64274597167969,2.7865309715270996
DOUBLE CHECK,lucki,plugg,0.4943448603153229,0.33842363953590393,4.044554710388184,-6.424217224121094,0.3500968813896179,0.19518470764160156,0.14334644377231598,0.20643098652362823,0.06408943980932236,0.3025701642036438,91.55168914794922,2.8834099769592285
Syrup Talk,lucki,plugg,0.495863676071167,0.30683597922325134,3.8485867977142334,-6.423122406005859,0.35056135058403015,0.16888615489006042,0.15456771850585938,0.23165540397167206,0.04402066767215729,0.3076973557472229,89.88928985595703,2.7192745208740234
Roses,yung lean,"cloud rap, psychedelic hip hop, underground hip hop",0.5130468010902405,0.3631730079650879,4.271848201751709,-7.122589111328125,0.42592161893844604,0.1848859190940857,0.12835606932640076,0.23995688557624817,0.07539243996143341,0.29242366552352905,98.48674774169922,3.062793254852295
Vendetta,yung lean,"cloud rap, psychedelic hip hop, underground hip hop",0.4940659701824188,0.3535643517971039,3.9092624187469482,-5.994222640991211,0.3256039619445801,0.17839708924293518,0.13618364930152893,0.21510794758796692,0.058644846081733704,0.29189422726631165,90.16419982910156,2.7422053813934326
SWING THE SCYTHE,buckshot,['cloud rap'],0.45036762952804565,0.3147166669368744,3.677889347076416,-6.116886138916016,0.40900540351867676,0.144012451171875,0.09646835923194885,0.20942367613315582,0.06856121122837067,0.2632254958152771,84.35755920410156,2.654478073120117
EpaR Featuring Vince Staples,"earl sweatshirt, vince staples","conscious hip hop, hip hop, rap, underground hip hop",0.5059880018234253,0.3221898674964905,4.272994041442871,-6.9922332763671875,0.46844854950904846,0.16880305111408234,0.14250600337982178,0.23290196061134338,0.07791949808597565,0.3029341995716095,96.00288391113281,3.043924570083618
Sofaygo Titan prod polack,"polack, sofaygo","plugg, glitchcore",0.5527668595314026,0.3503298759460449,4.098033428192139,-6.78788948059082,0.3528527021408081,0.18451987206935883,0.17131467163562775,0.23715606331825256,0.046795159578323364,0.3517161011695862,96.59256744384766,2.9346916675567627
obsession 4 rick prod me,"tana, bana (fuck the rules)",hyperpop francais,0.5281161069869995,0.3992956876754761,4.208893299102783,-6.643136024475098,0.3489169478416443,0.18568940460681915,0.11532194912433624,0.21533508598804474,0.051113251596689224,0.3029586672782898,99.42008209228516,3.055642604827881
Hydrocodone,"naitourufu, black kray","cloud rap, plugg, pluggnb",0.5553576946258545,0.3873894512653351,4.54390811920166,-7.644763946533203,0.45201820135116577,0.19814713299274445,0.1472114473581314,0.24696263670921326,0.05955464020371437,0.32632750272750854,103.6068115234375,3.2946386337280273
Fuck The Streets,duwap kaine,"dark plugg, pluggnb, vapor trap",0.5147196650505066,0.3266863524913788,4.174590110778809,-6.776956558227539,0.38911229372024536,0.189550518989563,0.18721997737884521,0.22959913313388824,0.05585111305117607,0.35410404205322266,94.41598510742188,2.926734685897827
Racin (prod. Gianni),"kankan archive, kankan",pluggnb,0.5599473118782043,0.3542219400405884,4.569843769073486,-7.293425559997559,0.3957778513431549,0.1895904839038849,0.13042251765727997,0.24460169672966003,0.009313215501606464,0.3215526342391968,103.65381622314453,3.1389474868774414
Shawty In Love,playboi carti,"atl hip hop, plugg, pluggnb, rap",0.6072760224342346,0.39921504259109497,4.740185260772705,-7.692242622375488,0.41302862763404846,0.2042045295238495,0.15655338764190674,0.2516855299472809,0.039074432104825974,0.352327823638916,110.86399841308594,3.3533568382263184
stuck,ken carson,,0.43684205412864685,0.27396851778030396,3.5478463172912598,-5.460102081298828,0.28474506735801697,0.15078888833522797,0.11142332851886749,0.17784197628498077,0.032503895461559296,0.2505751848220825,81.27577209472656,2.4300973415374756
No Time,sofaygo,"glitchcore, plugg",0.523349940776825,0.4034332036972046,4.2758073806762695,-6.599493026733398,0.3538666367530823,0.19194817543029785,0.1040428876876831,0.2028113305568695,0.054968345910310745,0.28617799282073975,99.16588592529297,3.009016513824463
Fee Prod Loesoe,kankan,pluggnb,0.49653393030166626,0.3218179941177368,3.969749689102173,-6.30948543548584,0.34966421127319336,0.1706155240535736,0.10866117477416992,0.19327160716056824,0.01766226813197136,0.3037213087081909,90.52455139160156,2.774232864379883
Fast,thouxanbanfauni,"atl hip hop, cloud rap, melodic rap, plugg, vapor trap",0.4560277462005615,0.2758713662624359,3.5377848148345947,-5.813590049743652,0.3354397416114807,0.13754059374332428,0.11611245572566986,0.19704699516296387,0.04345868527889252,0.26661205291748047,81.99592590332031,2.519324779510498
FEAR OR LUST <3 [prod. Mayhem Meech],lucki,plugg,0.536017119884491,0.3480495810508728,4.256680011749268,-7.291696548461914,0.43352970480918884,0.16699150204658508,0.1380166858434677,0.2425864189863205,0.038860682398080826,0.3081616759300232,100.1146469116211,3.058176040649414
24 Songs,"playboi carti, vory","atl hip hop, plugg, pluggnb, rap",0.5500722527503967,0.36683371663093567,4.614791393280029,-7.435990333557129,0.5039160251617432,0.18491604924201965,0.16117796301841736,0.2528761923313141,0.08763903379440308,0.32378435134887695,103.47940063476562,3.293056011199951
sorry,izaya tiji,"plugg, pluggnb",0.5338042378425598,0.42589688301086426,4.417524337768555,-6.479565620422363,0.3502548336982727,0.17937029898166656,0.08076968789100647,0.1946292221546173,0.02667618915438652,0.30083101987838745,100.87150573730469,2.9949159622192383
Marry This Game (Prod. Highway & Jonny),"highway2009, highway",outlaw country,0.5882582068443298,0.4075993597507477,4.467532157897949,-7.37618350982666,0.3855038583278656,0.21272186934947968,0.18542605638504028,0.23540091514587402,0.07267910242080688,0.36541295051574707,105.76664733886719,3.203932046890259
care ft jssr,soser,,0.47272789478302,0.3455685079097748,3.8785817623138428,-6.088837623596191,0.3527166545391083,0.1695176362991333,0.11491602659225464,0.20757783949375153,0.06171061471104622,0.2850731611251831,88.00309753417969,2.8032567501068115
PASSIVE AGGRESSION FT YUNGFAZO PROD SILO,"yen @jaydeschrist, jaydes","pluggnb, sigilkore",0.532097339630127,0.43467554450035095,4.2910237312316895,-6.266732215881348,0.3550738990306854,0.17457182705402374,0.07424117624759674,0.22139938175678253,0.07392553985118866,0.2738151550292969,100.43302154541016,3.044299602508545
Security,kanye west,"chicago rap, hip hop, rap",0.5915195941925049,0.402657687664032,4.671214580535889,-7.667828559875488,0.44826841354370117,0.2338249683380127,0.19077304005622864,0.24222013354301453,0.0892447680234909,0.3639952540397644,108.58071899414062,3.4383764266967773
dead prod zeegoinxrazy,slump6s archive,,0.46339505910873413,0.3144030272960663,3.7858786582946777,-5.710715293884277,0.2811269462108612,0.1601184755563736,0.08803345263004303,0.17803099751472473,0.020309865474700928,0.2706114649772644,85.87877655029297,2.5569846630096436
AR,slime dollaz,"plugg, vapor trap",0.5114513635635376,0.3470894396305084,4.069613456726074,-6.808422088623047,0.39712151885032654,0.1724618822336197,0.12915606796741486,0.2222938984632492,0.04918068274855614,0.30627548694610596,93.55520629882812,2.904935598373413
yeaaaa remix,tana,['hyperpop francais'],0.601901650428772,0.39751577377319336,4.508806228637695,-7.6015729904174805,0.4441261291503906,0.18935342133045197,0.16469095647335052,0.2610676884651184,0.05767887458205223,0.35528504848480225,107.05125427246094,3.237791061401367
I Know,kanii,,0.524572491645813,0.3806166350841522,4.251058101654053,-6.795845985412598,0.35103338956832886,0.20087328553199768,0.12557770311832428,0.21240085363388062,0.039345383644104004,0.3075733780860901,97.6532211303711,3.0584027767181396
I See (2 Many,"jace! (@iayze), iayze",plugg,0.5670363306999207,0.3500347137451172,4.551480293273926,-7.285091400146484,0.41233929991722107,0.19375602900981903,0.14559529721736908,0.23461562395095825,0.02732880227267742,0.33531224727630615,103.08244323730469,3.102692127227783
six,slump6s,pluggnb,0.5561138391494751,0.3940214514732361,4.4940948486328125,-7.038744926452637,0.3741011917591095,0.1882270723581314,0.11956726014614105,0.2204442024230957,0.05321813002228737,0.29425936937332153,104.5067138671875,3.1248292922973633
intro,che,,0.5292905569076538,0.3058515191078186,4.178144454956055,-6.843362808227539,0.36721301078796387,0.1692700833082199,0.14321468770503998,0.22345298528671265,0.008436581119894981,0.31309717893600464,95.46467590332031,2.858107805252075
the way i see things (prod. kryptik),lil peep,"cloud rap, emo rap, lgbtq+ hip hop",0.5604023337364197,0.4043635129928589,4.5903639793396,-7.711965560913086,0.47769108414649963,0.19177499413490295,0.15006613731384277,0.2515754699707031,0.07596541941165924,0.32733774185180664,104.91629028320312,3.3103792667388916
Selfish (Prod. dcaff23),devstacks,pluggnb,0.49921169877052307,0.33646175265312195,4.040041923522949,-6.155003547668457,0.3325195610523224,0.16687239706516266,0.09078864753246307,0.18477465212345123,0.022665783762931824,0.29428422451019287,92.95939636230469,2.745286464691162
Crash Out (prod Wonder X  Codylemont),summrs,"glitchcore, plugg",0.4893081784248352,0.2932637929916382,3.828981876373291,-6.558174133300781,0.3762741982936859,0.14949841797351837,0.11993275582790375,0.22434191405773163,0.02964961528778076,0.27338457107543945,89.94434356689453,2.7392807006835938
ProPella (Prod. 3KMyDiorBag),duwap kaine,"dark plugg, pluggnb, vapor trap",0.5803161859512329,0.374677449464798,4.75720739364624,-7.539889335632324,0.4111802875995636,0.1991444230079651,0.14646892249584198,0.24804766476154327,0.016560297459363937,0.3466719388961792,107.2814712524414,3.233767509460449
Not a Love Song (prod. slop culture),slop culture,,0.5538995862007141,0.405732125043869,4.517626762390137,-7.436878204345703,0.47808602452278137,0.18771862983703613,0.12419810891151428,0.24769291281700134,0.08649751543998718,0.2979353666305542,104.56028747558594,3.273880958557129
OSAMA,texakotyler,,0.5027217864990234,0.32156381011009216,4.01470422744751,-6.587489128112793,0.36600878834724426,0.17254014313220978,0.13125570118427277,0.2070883810520172,0.017938241362571716,0.317901611328125,91.1664047241211,2.8235340118408203
Flexing ft Ken Carson,lil yachty,"atl hip hop, melodic rap, rap, trap",0.6138192415237427,0.483814537525177,4.762899398803711,-6.98013973236084,0.39023128151893616,0.2137216031551361,0.13679350912570953,0.24252872169017792,0.0639202743768692,0.33507245779037476,111.53765869140625,3.3405327796936035
Uh Uh (Mansion Musick),"playboi carti, chief keef","chicago bop, chicago drill, chicago rap, drill, hip hop, rap, trap",0.5098615884780884,0.2999178469181061,3.972590446472168,-6.567943572998047,0.36490342020988464,0.16491366922855377,0.15261657536029816,0.24044792354106903,0.04840919375419617,0.2943613529205322,92.88043212890625,2.788583278656006
Hunna Hunna Hunnas,"izaya tiji, official izaya tiji archive","pluggnb, plugg",0.5768057107925415,0.3964490294456482,4.55615234375,-7.391512870788574,0.38562116026878357,0.2136109322309494,0.14360564947128296,0.22809626162052155,0.04453258216381073,0.3424920439720154,105.82046508789062,3.2511088848114014
4AM FREESTYLE.mp3,ssgkobe,['pluggnb'],0.4884084463119507,0.37330397963523865,3.949392557144165,-5.974327087402344,0.3147912323474884,0.1661137044429779,0.09350484609603882,0.18720468878746033,0.03739135339856148,0.26739567518234253,91.33541107177734,2.766857862472534
Five Degrees,lil peep,"cloud rap, emo rap, lgbtq+ hip hop",0.5444489121437073,0.341818630695343,4.154372215270996,-6.964653968811035,0.38245970010757446,0.18511825799942017,0.1608707755804062,0.23706863820552826,0.024803340435028076,0.3455406427383423,97.03790283203125,2.9741756916046143
actors,bryalle,,0.5197370052337646,0.3281612694263458,4.19606876373291,-6.456750869750977,0.3375456929206848,0.1771024912595749,0.1037580817937851,0.20827363431453705,0.022826647385954857,0.28580430150032043,95.4998550415039,2.828174591064453
FREEBUGGA2,autumn!,"emoplugg, glitchcore, plugg, pluggnb",0.4085695743560791,0.24623245000839233,3.2042171955108643,-5.081799507141113,0.2512093782424927,0.1414269059896469,0.11270992457866669,0.16913095116615295,0.025741318240761757,0.259690523147583,72.7286605834961,2.252336025238037
FACELIFT! prod. Glokmane x Octo,"bandsxo1, bands! (@bandsxo1)",,0.3920366168022156,0.3173532485961914,3.1422512531280518,-4.541181564331055,0.24911770224571228,0.12244698405265808,0.03230429068207741,0.1586316078901291,0.06617066264152527,0.19942407310009003,71.72266387939453,2.3285422325134277
Slide Den,summrs,"glitchcore, plugg",0.48086678981781006,0.315701961517334,3.759788990020752,-5.9925689697265625,0.3086119294166565,0.16561226546764374,0.10386084020137787,0.18480972945690155,0.03870768845081329,0.27275073528289795,88.252197265625,2.6631808280944824
giving girls cocaine,lil peep,"cloud rap, emo rap, lgbtq+ hip hop",0.5579515099525452,0.3808686137199402,4.502435207366943,-7.506558418273926,0.39749181270599365,0.21917176246643066,0.18580912053585052,0.23597769439220428,0.056080710142850876,0.35373127460479736,103.19835662841797,3.243330717086792
Mont Saint Ft Summrs (Prod. Iankon),kankan,pluggnb,0.5488499999046326,0.38406556844711304,4.3952813148498535,-7.172334671020508,0.40896573662757874,0.18528097867965698,0.1315033882856369,0.22461608052253723,0.04389679431915283,0.31247419118881226,102.55398559570312,3.127828359603882
Drippin,slime dollaz,"plugg, vapor trap",0.5704869031906128,0.4181096851825714,4.774374485015869,-7.502950668334961,0.4617656469345093,0.20271754264831543,0.12668827176094055,0.2317037433385849,0.045688971877098083,0.3142280578613281,110.46760559082031,3.33601450920105
New Year (2023) prod. 8or5ti <3,duwap kaine,"dark plugg, pluggnb, vapor trap",0.5357201099395752,0.32255324721336365,4.227209568023682,-6.98618221282959,0.37990865111351013,0.17430338263511658,0.13877373933792114,0.23466216027736664,0.014422218315303326,0.31760454177856445,97.49456787109375,2.9224162101745605
frozen tundra,corbin,cloud rap,0.5144457221031189,0.3734325170516968,4.31876277923584,-7.17098331451416,0.43340638279914856,0.18036098778247833,0.12018892168998718,0.22895480692386627,0.06048324704170227,0.28920871019363403,98.32209014892578,3.1033222675323486
shhh(prod.cade),lilcandypaint,,0.5658565163612366,0.4262404441833496,4.326757431030273,-6.872687339782715,0.3743549585342407,0.1872534602880478,0.11526013910770416,0.2371894121170044,0.05928310379385948,0.3303258419036865,103.85092163085938,3.1329100131988525
Butterfly Doors [prod.Katlightning],"onlybino, onlybino!",pluggnb,0.541176974773407,0.36217546463012695,4.227910995483398,-6.963375091552734,0.3647257685661316,0.18839997053146362,0.17013470828533173,0.23403300344944,0.046491000801324844,0.34769296646118164,98.03191375732422,3.039764165878296
Locked & Loaded,lancey foux,vapor trap,0.46487733721733093,0.37059831619262695,3.916987895965576,-5.891225814819336,0.3552786409854889,0.1684672236442566,0.0695185512304306,0.1795741468667984,0.047596048563718796,0.2541726231575012,89.28607177734375,2.728694200515747
Opp Stoppa,"21 savage, ybn nahmir","alabama rap, rap, trap, vapor trap",0.5872514843940735,0.36351972818374634,4.587313175201416,-7.438196182250977,0.3934774398803711,0.1951691061258316,0.16509322822093964,0.24249489605426788,0.02640647627413273,0.34476566314697266,106.6576919555664,3.1817593574523926
Morimoto(prod Gianni X Diordaze),summrs,"glitchcore, plugg",0.546269416809082,0.34420573711395264,4.238368034362793,-7.095362663269043,0.39460641145706177,0.17463085055351257,0.14938798546791077,0.2517116367816925,0.029402822256088257,0.320776104927063,98.89288330078125,3.0335683822631836
GRAVEYARDSHIFTS (prod. bickle blanco),texakotyler,,0.46384844183921814,0.30127495527267456,3.6245627403259277,-5.920604705810547,0.32186222076416016,0.15972226858139038,0.10061962902545929,0.19016075134277344,0.029251303523778915,0.28522631525993347,82.67000579833984,2.5710625648498535
Lose my mind (prod. Maajins),lil keel,,0.5275071263313293,0.3527103066444397,4.188665866851807,-6.783576965332031,0.3788990080356598,0.17281951010227203,0.12260368466377258,0.21862930059432983,0.045004405081272125,0.3003096282482147,97.38209533691406,2.9988996982574463
In the Club (Drank in my cup),dom corleo,"dark plugg, pluggnb",0.6162699460983276,0.44465699791908264,5.051731109619141,-8.523489952087402,0.5317353010177612,0.21513448655605316,0.15911215543746948,0.27521777153015137,0.07005767524242401,0.35036224126815796,116.39540100097656,3.635714054107666
Desire,lil tracy,"['cloud rap', 'melodic rap']",0.5293288826942444,0.354966402053833,4.443606376647949,-7.392446517944336,0.43554696440696716,0.19805461168289185,0.14139854907989502,0.2396077811717987,0.06191239133477211,0.30926448106765747,100.90469360351562,3.1570851802825928
lets get it den ft. tana & zayskillz (prod. Zayskillz),vellviace (mbmvell),,0.5725713968276978,0.3617936372756958,4.281578540802002,-6.692400932312012,0.36576101183891296,0.18690428137779236,0.16786524653434753,0.230608731508255,0.0631895512342453,0.3319805860519409,101.5283432006836,3.026268243789673
iphone juggin,texakotyler,,0.5217933654785156,0.3025883436203003,4.088094711303711,-6.866853713989258,0.41435182094573975,0.15875576436519623,0.1406223177909851,0.2278694212436676,0.035655900835990906,0.2998548746109009,95.13679504394531,2.8668336868286133
Honors Bio,"e-dubble, edubble",indie pop rap,0.5297285318374634,0.34337708353996277,4.190157413482666,-6.75456428527832,0.4408421814441681,0.16662269830703735,0.15164516866207123,0.2214604914188385,0.06127540394663811,0.3362780809402466,95.79158020019531,2.970569372177124
Look What I Become (prod. Wifi),goonie,"plugg, pluggnb",0.5518944263458252,0.4172965884208679,4.433050632476807,-6.744429588317871,0.34901899099349976,0.1905849725008011,0.11684425175189972,0.206953227519989,0.04838913679122925,0.31296366453170776,102.64531707763672,3.0809826850891113
JESSE (prod. digital nas),"kanye west, digital nas","chicago rap, hip hop, rap",0.5658648610115051,0.4421815872192383,4.553044319152832,-7.268642425537109,0.4236331284046173,0.20562173426151276,0.13212533295154572,0.2351405918598175,0.07037948817014694,0.3347857594490051,106.07682037353516,3.2565977573394775
01 MANIKIN,xxxtentacion,"emo rap, miami hip hop",0.5580097436904907,0.3800073266029358,4.168313980102539,-7.007208824157715,0.3594677746295929,0.2002660483121872,0.17204123735427856,0.228485569357872,0.062122367322444916,0.34278082847595215,99.49529266357422,3.0419600009918213
Solace,earl sweatshirt,"experimental hip hop, hip hop, rap, underground hip hop",0.5923569202423096,0.42368870973587036,4.462991714477539,-7.2167510986328125,0.3686325252056122,0.2161138653755188,0.15594367682933807,0.22671586275100708,0.05847837030887604,0.3625956177711487,105.83634948730469,3.2553296089172363
kankan x summrs outta here prod goyxrd,kankan,pluggnb,0.5304805636405945,0.3495669662952423,4.219232082366943,-6.943227767944336,0.38144445419311523,0.17967815697193146,0.14941629767417908,0.2160077691078186,0.029892263934016228,0.3286151885986328,97.43612670898438,2.992072582244873
Spaceship,playboi carti,"atl hip hop, plugg, pluggnb, rap",0.5560849905014038,0.38767480850219727,4.424856185913086,-7.374600410461426,0.40926703810691833,0.20061278343200684,0.14833812415599823,0.2411353886127472,0.05139135196805,0.3362206816673279,102.12369537353516,3.196362257003784
fuk em ft. lil yachty (prod. MALIKAI * TRGC),ssgkobe,['pluggnb'],0.6046932935714722,0.42276719212532043,4.60647439956665,-7.437261581420898,0.3739776909351349,0.22172194719314575,0.15619789063930511,0.22269615530967712,0.06330010294914246,0.3637123703956604,108.61505889892578,3.3112480640411377
F12 Freestyle,slump6s,pluggnb,0.4832216799259186,0.2798902690410614,3.716047525405884,-6.116347312927246,0.3385590612888336,0.15384888648986816,0.1227886974811554,0.20010130107402802,0.01035449467599392,0.2952631115913391,84.96757507324219,2.5882279872894287
BILLIE JEAN REMIX,lagloinski,,0.5464836359024048,0.3652721643447876,4.546226978302002,-7.5099287033081055,0.4503510594367981,0.2174420952796936,0.1812126189470291,0.2547650933265686,0.08259294927120209,0.3332344889640808,103.19219970703125,3.2992799282073975
Choppalagrassa,dataroaming,,0.528536319732666,0.32110995054244995,4.237281322479248,-6.679196357727051,0.35450848937034607,0.17657789587974548,0.12647615373134613,0.20952074229717255,0.012566098012030125,0.3012378215789795,96.44927215576172,2.8843212127685547
plastik heart,tana,['hyperpop francais'],0.5327444672584534,0.34980469942092896,4.159763813018799,-6.689088821411133,0.36160022020339966,0.17807263135910034,0.13575062155723572,0.21962183713912964,0.034360744059085846,0.3211151957511902,96.22406005859375,2.901733160018921
makeup,eli juggz,['pluggnb'],0.5215085744857788,0.3339786231517792,4.14326810836792,-6.93951416015625,0.39998239278793335,0.17689107358455658,0.16282063722610474,0.24195517599582672,0.04178290814161301,0.3196623921394348,95.28663635253906,2.951904773712158
I'm Finna Love Me/Too Easy,kanye west,"chicago rap, hip hop, rap",0.5461788773536682,0.36671918630599976,4.367679595947266,-7.329803466796875,0.45159679651260376,0.17826850712299347,0.13564947247505188,0.23096345365047455,0.046477533876895905,0.3177028298377991,100.93379974365234,3.1210310459136963
GRAVE PLOT,sematary,cloud rap,0.5059801340103149,0.3265114426612854,3.9855573177337646,-6.440340042114258,0.3471085727214813,0.17994999885559082,0.14289747178554535,0.21181374788284302,0.03976423293352127,0.3106471300125122,91.75389099121094,2.826216459274292
no respect freestyle [prod. greaf],lil peep,"cloud rap, emo rap, lgbtq+ hip hop",0.538430392742157,0.37195003032684326,4.296899318695068,-7.1019287109375,0.3769508898258209,0.1983822137117386,0.14837676286697388,0.22534215450286865,0.044802188873291016,0.3426132798194885,98.91937255859375,3.077859878540039
dark knight (ft. lancey foux),"lancey foux, fimiguerrero",vapor trap,0.5427842736244202,0.3296878933906555,4.233177185058594,-7.0399627685546875,0.39338332414627075,0.18047703802585602,0.15486715734004974,0.2384117841720581,0.02231687679886818,0.32854384183883667,97.29771423339844,2.980668067932129
Hang Up Da Phone,"playboi carti, k$upreme","rap, pluggnb, plugg, atl hip hop",0.5801000595092773,0.44708919525146484,4.879283428192139,-7.961417198181152,0.487164705991745,0.21580958366394043,0.1390274316072464,0.259966105222702,0.08310725539922714,0.32727277278900146,113.78460693359375,3.519798755645752
IG Hoes,"pi’erre bourne, pierre bourne","melodic rap, vapor trap",0.4992033839225769,0.32416948676109314,4.035226345062256,-6.227350234985352,0.33691126108169556,0.17214927077293396,0.11630342900753021,0.2022836059331894,0.033426880836486816,0.28003770112991333,92.4849853515625,2.757974147796631
Black Magic,trippie redd,"melodic rap, rap",0.5952140092849731,0.41682061553001404,4.710626602172852,-7.595429420471191,0.42113396525382996,0.23019281029701233,0.17728427052497864,0.2500523328781128,0.08530433475971222,0.3455950617790222,109.14212036132812,3.4605906009674072
Run! / Run And Ya Dead,lancey foux,vapor trap,0.5454683303833008,0.3425084054470062,4.328123569488525,-7.143436431884766,0.4195946753025055,0.19978295266628265,0.16214463114738464,0.22378364205360413,0.05947747826576233,0.3439100980758667,97.81768035888672,3.0800511837005615
Cry Alone,lil peep,"cloud rap, emo rap, lgbtq+ hip hop",0.5540009140968323,0.3647354543209076,4.4034104347229,-7.178074836730957,0.423351526260376,0.17990291118621826,0.161119744181633,0.231698676943779,0.061071932315826416,0.33200913667678833,100.68317413330078,3.1423795223236084
Walk In,playboi carti,"atl hip hop, plugg, pluggnb, rap",0.4479016661643982,0.29855114221572876,3.73608136177063,-5.8461456298828125,0.30279648303985596,0.16986319422721863,0.100837841629982,0.18790379166603088,0.04312828928232193,0.26243770122528076,85.99103546142578,2.6127278804779053
Benz Truck Pt 2,"lil peep, bigheadonthebeat","emo rap, cloud rap, lgbtq+ hip hop",0.5603052973747253,0.3977717161178589,4.487219333648682,-7.297093391418457,0.4218650460243225,0.19516125321388245,0.1743926703929901,0.23750224709510803,0.07438588887453079,0.34561222791671753,104.47486114501953,3.1841235160827637
So Trife,izaya tiji,"plugg, pluggnb",0.6108583807945251,0.43997687101364136,4.658050060272217,-7.550752639770508,0.407606303691864,0.22022922337055206,0.1664375215768814,0.2360520213842392,0.07995875179767609,0.3568914532661438,110.9404296875,3.367093324661255
it might be me! [ Prod By. QuaXar ],lil playah,pluggnb,0.5070475935935974,0.295600026845932,3.890695810317993,-6.389448165893555,0.3423900306224823,0.1634647399187088,0.14655037224292755,0.21401001513004303,0.02349378541111946,0.30695271492004395,89.12818908691406,2.697650909423828
magic bity </3,lucki,plugg,0.5421324968338013,0.3935661315917969,4.323331832885742,-6.728335380554199,0.3379880487918854,0.1947421431541443,0.11266779899597168,0.21424879133701324,0.0374707356095314,0.3096137046813965,100.38153076171875,3.0694093704223633
count me out,slump6s,pluggnb,0.5595753788948059,0.34088921546936035,4.571649074554443,-7.435458183288574,0.39321598410606384,0.18774399161338806,0.15086397528648376,0.2516624927520752,0.005577651783823967,0.33080995082855225,103.47764587402344,3.1102819442749023
glöck 19 ft iayze prod mixed matches,"kidduzi, kidduzi!",,0.5300177931785583,0.32493433356285095,4.091547966003418,-6.876972198486328,0.4221474230289459,0.16828367114067078,0.14961737394332886,0.21970827877521515,0.0625593364238739,0.3313271999359131,96.21305084228516,2.9011240005493164
MIND OF DA CROOK [p. SPARKHEEM],"tony shhnow tonyshhnow, tony shhnow","dark plugg, pluggnb, plugg, vapor trap",0.5353337526321411,0.3884543478488922,4.375953197479248,-6.7724809646606445,0.3603754937648773,0.2031576931476593,0.12701548635959625,0.22197061777114868,0.04137632995843887,0.3199049234390259,99.3814926147461,3.1173713207244873
Perfect Timing (Rager),stoop lauren,,0.5530384182929993,0.3627467155456543,4.463172435760498,-6.931665420532227,0.3840997517108917,0.19342496991157532,0.12241522967815399,0.21460358798503876,0.03047424554824829,0.30820757150650024,102.64471435546875,3.058182954788208
Darkest Before Dawn prod. potentgyft,bashfortheworld,,0.5986915230751038,0.42255479097366333,4.776867866516113,-7.825874328613281,0.4362814426422119,0.21541932225227356,0.1643228679895401,0.26617351174354553,0.05686882883310318,0.34889447689056396,110.4988021850586,3.4484589099884033
Couch,earl sweatshirt,"experimental hip hop, hip hop, rap, underground hip hop",0.6168665289878845,0.41070860624313354,4.85853910446167,-8.13418960571289,0.43692195415496826,0.2431108057498932,0.1934075802564621,0.2567726969718933,0.056939125061035156,0.3778117299079895,111.55731201171875,3.522670030593872
prayer to space,lancey foux,vapor trap,0.4904519319534302,0.28373944759368896,3.6133313179016113,-5.9662628173828125,0.3230084478855133,0.1461990773677826,0.16735291481018066,0.22292104363441467,0.0434672050178051,0.31876009702682495,84.30646514892578,2.526031732559204
break the bank,"playboi carti, lil uzi vert","melodic rap, philly rap, rap",0.615741491317749,0.38884738087654114,4.840193271636963,-7.86856746673584,0.5158270001411438,0.2002490907907486,0.19740939140319824,0.2622400224208832,0.07969612628221512,0.3853321671485901,110.59333038330078,3.454273223876953
CHIEF KEEF GUCCI GANG REMIX,devstacks,pluggnb,0.5419257283210754,0.34635743498802185,4.3767571449279785,-7.076300621032715,0.473065584897995,0.1708330363035202,0.14747504889965057,0.23510701954364777,0.07116727530956268,0.3388124704360962,98.79655456542969,3.096668004989624
city,che,,0.4688750207424164,0.3091878294944763,3.744616746902466,-5.863110542297363,0.3544851541519165,0.14632156491279602,0.10610608756542206,0.1882440745830536,0.05001099407672882,0.27767041325569153,85.93583679199219,2.596423625946045
Shoot First,blokxz,,0.5556558966636658,0.32621389627456665,4.280182361602783,-7.0012054443359375,0.3931889533996582,0.1809602975845337,0.16675888001918793,0.24279624223709106,0.042451635003089905,0.31976014375686646,99.852783203125,2.9989829063415527
Incoming,lucki,plugg,0.5632413029670715,0.35098761320114136,4.463327884674072,-7.211241722106934,0.39728739857673645,0.18201501667499542,0.16252215206623077,0.24433690309524536,0.021047119051218033,0.3451918363571167,102.40397644042969,3.0689504146575928
juh can't,hardrock,,0.41864126920700073,0.27366626262664795,3.3185853958129883,-5.536538124084473,0.2830371856689453,0.1394413858652115,0.09855303168296814,0.18181365728378296,0.035168349742889404,0.2324124276638031,78.26110076904297,2.4181668758392334
Dom Corleo,"2seater, dom corleo","dark plugg, pluggnb",0.43149352073669434,0.280834436416626,3.4636056423187256,-5.483249664306641,0.2683822512626648,0.1550687551498413,0.09755298495292664,0.17182527482509613,0.02597101777791977,0.2637973427772522,79.49324035644531,2.439528465270996
Raver,"ken carson, destroy lonely",,0.5390146970748901,0.3649134039878845,4.374640941619873,-7.184078216552734,0.4193880259990692,0.182877779006958,0.13275915384292603,0.22504359483718872,0.035624001175165176,0.3298507332801819,99.61547088623047,3.097383975982666
supervillian,playboi carti,"atl hip hop, plugg, pluggnb, rap",0.4810056984424591,0.2826796770095825,3.8585803508758545,-6.368483543395996,0.35631269216537476,0.15729451179504395,0.1350942999124527,0.21267133951187134,0.010622333735227585,0.2979474663734436,87.4419174194336,2.6622066497802734
Southside (Prod. Swvsh),duwap kaine,"dark plugg, pluggnb, vapor trap",0.5491630434989929,0.44632408022880554,4.5773773193359375,-7.168962478637695,0.4133686125278473,0.19657392799854279,0.08840027451515198,0.23198923468589783,0.06479264795780182,0.2862281799316406,107.03263854980469,3.2806575298309326
Prove Sum (prod Lj),summrs,"glitchcore, plugg",0.5723573565483093,0.3944447636604309,4.833676815032959,-7.50554084777832,0.4049314260482788,0.2019796520471573,0.1280050277709961,0.22943586111068726,0.02290411852300167,0.32949161529541016,110.27210998535156,3.2877187728881836
Buy It,lil uzi vert,"melodic rap, philly rap, rap",0.3509819209575653,0.2058817744255066,2.8383371829986572,-4.450638771057129,0.26166072487831116,0.10710404068231583,0.07466752827167511,0.14810709655284882,0.039119306951761246,0.22265763580799103,64.50108337402344,1.9949049949645996
Sum Wan Right,summrs,"glitchcore, plugg",0.5120875835418701,0.4077543616294861,4.281420707702637,-6.24241828918457,0.3487406075000763,0.18191803991794586,0.07955010235309601,0.2066158652305603,0.047624483704566956,0.2808929979801178,98.51461791992188,2.896836280822754
rocks,slump6s,pluggnb,0.4933268129825592,0.312008261680603,3.933478593826294,-6.319698333740234,0.34073537588119507,0.16209270060062408,0.1224122941493988,0.18673641979694366,0.010174640454351902,0.3074454665184021,89.27680206298828,2.728609561920166
basic (prod. codylemont+benjicold+idontkry) *VIDEOIN DESC*,"surge @surgebck, surge",,0.6246981024742126,0.4115917682647705,4.88596248626709,-8.247369766235352,0.48645928502082825,0.21264849603176117,0.20836888253688812,0.29484713077545166,0.07603810727596283,0.3675122857093811,114.14004516601562,3.518094062805176
R.I.P Virgil ft dc the don [prod bhristo],onlybino!,pluggnb,0.5973024964332581,0.383902907371521,4.708773612976074,-7.88770866394043,0.4790278375148773,0.1957339197397232,0.16972340643405914,0.2668752074241638,0.05583581328392029,0.3462004065513611,109.91553497314453,3.325265884399414
ran freestyle,tana,['hyperpop francais'],0.501876950263977,0.3445513844490051,4.052528381347656,-6.741783142089844,0.41064542531967163,0.16847316920757294,0.12015113234519958,0.22071342170238495,0.06608593463897705,0.278361052274704,95.22667694091797,2.9344544410705566
BitchCallMeCaptainMorgan,xxxtentacion,"emo rap, miami hip hop",0.5131235718727112,0.3229300379753113,3.9641897678375244,-6.5225934982299805,0.36159712076187134,0.1664586067199707,0.13531143963336945,0.2186473309993744,0.03051588125526905,0.3134991526603699,92.76659393310547,2.8194470405578613
love scammin (prod wifi),summrs,"glitchcore, plugg",0.5622445940971375,0.39117854833602905,4.426316738128662,-7.318366050720215,0.39273932576179504,0.21291661262512207,0.14091899991035461,0.22269229590892792,0.04745816811919212,0.34828418493270874,102.22242736816406,3.1996870040893555
RUN (ft. tana ⁂ slump6s) [prod. glorytee ⁂ maajins ⁂ rio ⁂ noahmejia],"slump6s, jonoftf",pluggnb,0.44317764043807983,0.30675065517425537,3.641204595565796,-5.549314498901367,0.3159365952014923,0.15660004317760468,0.09635277092456818,0.178066685795784,0.03455623611807823,0.2596533000469208,82.14026641845703,2.570650339126587
moon {prod aro x simon} [VID IN DESCRIPTION],govanni! (ig @whereisvanni),,0.4692082107067108,0.3042437434196472,3.5389368534088135,-5.730741500854492,0.30948561429977417,0.15209873020648956,0.10760033130645752,0.19427108764648438,0.02591494284570217,0.30391639471054077,82.52098846435547,2.5264384746551514
BXDIESDRXPPIN,texakotyler,,0.5530761480331421,0.3541913628578186,4.343921661376953,-7.134495735168457,0.3799508512020111,0.2038085013628006,0.16474148631095886,0.2265932261943817,0.039996542036533356,0.34333425760269165,100.05982971191406,3.0638246536254883
hype (feat. FISH),dom corleo,"dark plugg, pluggnb",0.5197110176086426,0.3684028089046478,4.146111965179443,-6.817783355712891,0.3791643977165222,0.1890159547328949,0.13996216654777527,0.21372997760772705,0.05736800655722618,0.3229919672012329,94.44075775146484,3.012836217880249
stop the act,lucki,plugg,0.5310890674591064,0.3923392593860626,4.3280792236328125,-6.492554664611816,0.37271586060523987,0.18009409308433533,0.09657785296440125,0.21586164832115173,0.0842154398560524,0.2722586989402771,102.71165466308594,2.9892020225524902
HIBACHI (prod. F1LTHY) [00babi_Mix],otl beezy,,0.47148633003234863,0.31497782468795776,3.8572139739990234,-6.14786434173584,0.32190755009651184,0.17280171811580658,0.11067335307598114,0.19228550791740417,0.03600822761654854,0.28617632389068604,89.65474700927734,2.707716941833496
switch (FULL Version),"lilcandypaint, lilcandypaint *candypaint",,0.5474786162376404,0.3796190619468689,4.265036582946777,-6.590682029724121,0.3184645175933838,0.1860666275024414,0.12175007164478302,0.2049567699432373,0.03470272198319435,0.31999486684799194,100.33452606201172,2.9812066555023193
Charger,ame,,0.4670955240726471,0.2853749394416809,3.6750173568725586,-6.012112617492676,0.3150827884674072,0.14716315269470215,0.10916155576705933,0.20983798801898956,0.02611476182937622,0.2682487368583679,85.24520874023438,2.603163003921509
feel alive,hardrock,,0.46565937995910645,0.2986118197441101,3.7608590126037598,-5.90924072265625,0.31435808539390564,0.15589679777622223,0.1197543740272522,0.1974458396434784,0.018515028059482574,0.3049452006816864,83.83727264404297,2.6121416091918945
bliss ft skaiwater,slump6s,pluggnb,0.559707522392273,0.3870913088321686,4.516696929931641,-7.562408447265625,0.40622955560684204,0.2147970050573349,0.1518401950597763,0.23411697149276733,0.04141136258840561,0.34977197647094727,103.30844116210938,3.2484350204467773
Hang Around Felons (Birds Fly Together),summrs,"glitchcore, plugg",0.4919433295726776,0.34262001514434814,3.988163948059082,-6.4187822341918945,0.3294326961040497,0.178932324051857,0.09893371164798737,0.18843761086463928,0.020450638607144356,0.3015354871749878,90.81437683105469,2.834834337234497
Chamberlain,luvbanz,,0.5046915411949158,0.337354838848114,4.055850028991699,-6.617061614990234,0.37067463994026184,0.18040022253990173,0.13785885274410248,0.21371369063854218,0.042909495532512665,0.3194774389266968,92.99297332763672,2.9006295204162598
GTA,lucki,plugg,0.5927008390426636,0.40429040789604187,4.777037620544434,-7.929414749145508,0.44367048144340515,0.23053555190563202,0.1845037043094635,0.26654139161109924,0.05680939182639122,0.35975950956344604,109.1334228515625,3.445364236831665
Balance,earl sweatshirt,"experimental hip hop, hip hop, rap, underground hip hop",0.5267627835273743,0.3500937223434448,4.449860572814941,-7.360993385314941,0.4618130028247833,0.18924246728420258,0.14537423849105835,0.24088004231452942,0.0705801248550415,0.31496018171310425,100.2454605102539,3.214866876602173
$hark Attack,oddy nuff da snow leopard,,0.5913844108581543,0.39225420355796814,4.785947322845459,-7.551705360412598,0.4246300756931305,0.2288448065519333,0.1873973309993744,0.27072933316230774,0.08564449846744537,0.3370806574821472,109.03448486328125,3.4176595211029053
Fetti,"playboi carti, da$h, dah, maxo","atl hip hop, plugg, pluggnb, rap",0.5262790322303772,0.35523906350135803,4.168025016784668,-6.871821403503418,0.3764667212963104,0.20196184515953064,0.16018083691596985,0.2140236645936966,0.05262260138988495,0.3416476249694824,94.38672637939453,3.0070433616638184
right now with jaydes,slump6s,pluggnb,0.4992547631263733,0.2876075208187103,3.8879501819610596,-6.383360862731934,0.3493819236755371,0.159316748380661,0.1288837492465973,0.21506817638874054,0.026057517156004906,0.2867394685745239,90.89205169677734,2.70576810836792
hardcore drugs (prod.Xaynor),hardrock,,0.5610540509223938,0.3690229058265686,4.43951940536499,-7.107511520385742,0.4016571342945099,0.18287013471126556,0.1290600597858429,0.22807645797729492,0.04737187176942825,0.3111268877983093,103.15349578857422,3.116713762283325
KK,rich amiri,,0.43762603402137756,0.2676897943019867,3.553335666656494,-5.726616859436035,0.29932329058647156,0.15396611392498016,0.12903577089309692,0.1872110664844513,0.018541842699050903,0.2673298120498657,80.6180648803711,2.4572930335998535
nation,brockhampton,"boy band, rap",0.5602730512619019,0.37640219926834106,4.259284496307373,-6.8984527587890625,0.3705436587333679,0.20321543514728546,0.16835804283618927,0.23232631385326385,0.06606698036193848,0.33893609046936035,100.28924560546875,3.0888240337371826
Immortal,playboi carti,"atl hip hop, plugg, pluggnb, rap",0.577366292476654,0.34726065397262573,4.5643463134765625,-7.547123908996582,0.41434645652770996,0.19124077260494232,0.17034205794334412,0.25377705693244934,0.005226347595453262,0.35145479440689087,104.2600326538086,3.1535794734954834
LOTL,glokk40spaz,dark plugg,0.5383391976356506,0.35740727186203003,4.337918281555176,-7.147701263427734,0.4359465539455414,0.1722058802843094,0.11647278070449829,0.2302113175392151,0.06494739651679993,0.27439582347869873,102.29957580566406,3.072561502456665
ssgkobe- Fair Play,"ssgkobe, wockk archives",['pluggnb'],0.5339145660400391,0.4037586450576782,4.2442426681518555,-6.602081298828125,0.3723023235797882,0.1833905726671219,0.12214101850986481,0.22356122732162476,0.057014547288417816,0.29644399881362915,99.1243896484375,3.033700466156006
Takyon (Death Yon),death grips,"experimental hip hop, industrial hip hop",0.4760284125804901,0.30758100748062134,3.945692539215088,-6.485074043273926,0.3910594582557678,0.16279110312461853,0.12956887483596802,0.20948991179466248,0.06940563768148422,0.28036585450172424,89.01483154296875,2.7852110862731934
RICH IN A PANDEMIC,gunna,"atl hip hop, melodic rap, rap, trap",0.5262377262115479,0.32576149702072144,4.164680480957031,-6.728832244873047,0.37503451108932495,0.17742593586444855,0.13864827156066895,0.2089451551437378,0.02608301118016243,0.31365734338760376,96.03289794921875,2.895620822906494
Much Money (feat. Freddie Gibbs),kenny mason,"atl hip hop, indie hip hop",0.5009301900863647,0.31588420271873474,3.897402286529541,-6.4281005859375,0.36092448234558105,0.16957972943782806,0.12532350420951843,0.21472673118114471,0.03785005584359169,0.2980054020881653,90.29534149169922,2.782451629638672
eye 2 eye (certified kaine),duwap kaine,"dark plugg, pluggnb, vapor trap",0.574356198310852,0.3550253212451935,4.493645191192627,-7.165085792541504,0.47193118929862976,0.17966686189174652,0.17646649479866028,0.21928942203521729,0.07785336673259735,0.38514095544815063,102.2646484375,3.193574905395508
paranoia,glokk40spaz,dark plugg,0.5009258985519409,0.33004793524742126,4.002284526824951,-6.624265670776367,0.38292598724365234,0.16670507192611694,0.13418632745742798,0.22447219491004944,0.05817783996462822,0.2777706980705261,92.8853988647461,2.8669023513793945
welcome to the hell zone,corbin,cloud rap,0.55046546459198,0.38690727949142456,4.455198764801025,-7.368752479553223,0.4279029667377472,0.2006058245897293,0.15824946761131287,0.247382253408432,0.08808349072933197,0.32259905338287354,103.54283905029297,3.2726404666900635
On Deck,acid souljah,['cloud rap'],0.511242151260376,0.32589659094810486,3.9408249855041504,-6.474003791809082,0.35852357745170593,0.16375292837619781,0.13254523277282715,0.1976453810930252,0.05424116179347038,0.3011036217212677,93.02201080322266,2.764122724533081
One Day,playboi carti,"atl hip hop, plugg, pluggnb, rap",0.5457583665847778,0.3959430456161499,4.276155948638916,-6.7784881591796875,0.367088258266449,0.18909278512001038,0.12464524805545807,0.2219441682100296,0.046641021966934204,0.3158244490623474,100.30168914794922,3.0094943046569824
Nothing On Me (Prod. by @BeatsByNav),nav,"canadian hip hop, canadian trap, melodic rap, rap, toronto rap, trap",0.44318899512290955,0.2991684079170227,3.610119342803955,-5.908626556396484,0.3440053462982178,0.14839492738246918,0.11124010384082794,0.19093501567840576,0.060252100229263306,0.25497379899024963,84.78318786621094,2.576564073562622
Pablo,"kanye west, travis scott, future","chicago rap, hip hop, rap",0.5785850286483765,0.39846426248550415,4.714860439300537,-7.784690856933594,0.44787272810935974,0.21201254427433014,0.14951583743095398,0.24361394345760345,0.04327870160341263,0.3466905951499939,107.8402328491211,3.3358869552612305
ACTOR PROD GLORYTEE,sgpwes,pluggnb,0.4696016013622284,0.30563539266586304,3.8235535621643066,-5.905844688415527,0.31197434663772583,0.15718668699264526,0.099331796169281,0.18603962659835815,0.017157144844532013,0.2698119282722473,86.82633209228516,2.612614154815674
aint gon go!,prynce,,0.6054899096488953,0.41966238617897034,4.835576057434082,-7.808236122131348,0.44165846705436707,0.21852652728557587,0.16408643126487732,0.2601179778575897,0.059480033814907074,0.34639793634414673,113.01966857910156,3.4306745529174805
THE SYRUP SOOTHEZ ME (prod. 4192),texakotyler,,0.5916928648948669,0.43120020627975464,4.8865766525268555,-7.995909690856934,0.47416654229164124,0.21883468329906464,0.14586907625198364,0.2513871490955353,0.05777833238244057,0.35279762744903564,111.95680236816406,3.485635280609131
4 Files Lost,ken carson,,0.5366055369377136,0.38013508915901184,4.377389907836914,-7.01917839050293,0.4324586093425751,0.17874199151992798,0.11366294324398041,0.22019609808921814,0.0498509407043457,0.31191253662109375,100.38651275634766,3.090203046798706
poorshot_,"knxlwedge, knxwledge","abstract beats, alternative hip hop, indie hip hop, indie soul, wonky",0.5679517388343811,0.3737674951553345,4.638248920440674,-7.249744415283203,0.49874749779701233,0.17017221450805664,0.155889630317688,0.23919911682605743,0.07746870815753937,0.362920880317688,103.4288558959961,3.2563295364379883
drugz,lil peep,"cloud rap, emo rap, lgbtq+ hip hop",0.5075740218162537,0.3734208643436432,4.1617560386657715,-6.715153694152832,0.3633623421192169,0.18644997477531433,0.10644152760505676,0.21453054249286652,0.04305105656385422,0.29160434007644653,95.17762756347656,2.9921061992645264
Ron Artest,babyface ray,"detroit hip hop, detroit trap",0.5171657800674438,0.33290114998817444,3.9665675163269043,-6.632291793823242,0.3453378677368164,0.18793709576129913,0.17041482031345367,0.21928760409355164,0.043441541492938995,0.34655559062957764,91.6502685546875,2.8378140926361084
pain w/ slug christ (prod. nedarb),slug christ,,0.49827051162719727,0.3686091899871826,4.263725757598877,-6.8195343017578125,0.4537143111228943,0.17408877611160278,0.1103629320859909,0.23074263334274292,0.09615658223628998,0.27590322494506836,96.02510833740234,3.1114559173583984
All the Girls <3,"tony schnow, tony shhnow, popstar benny","dark plugg, pluggnb, plugg, vapor trap",0.537305474281311,0.37344396114349365,4.359773635864258,-7.134076118469238,0.39870983362197876,0.2021373212337494,0.15193596482276917,0.21952299773693085,0.058054883033037186,0.33117836713790894,99.01971435546875,3.0976901054382324
faded,slump6s,pluggnb,0.45266130566596985,0.29971083998680115,3.6425228118896484,-5.914093017578125,0.341264933347702,0.14630280435085297,0.0996074378490448,0.1875721514225006,0.03883356228470802,0.2556634545326233,84.14073181152344,2.559309720993042
Presidential,slump6s,pluggnb,0.47845458984375,0.34745606780052185,3.871220350265503,-5.8702898025512695,0.32918211817741394,0.16625568270683289,0.10342130064964294,0.19354493916034698,0.03443088382482529,0.27194148302078247,87.421142578125,2.7241733074188232
KENC&BOAT,"ken carson, lil yachty","atl hip hop, melodic rap, rap, trap",0.5340917706489563,0.40384748578071594,4.229678153991699,-6.611584663391113,0.3524567186832428,0.17913861572742462,0.10739314556121826,0.2176058441400528,0.04220689833164215,0.3038615882396698,99.92058563232422,3.027614116668701
a minute,destroy lonely,,0.5197495818138123,0.34438055753707886,4.195651054382324,-7.093523025512695,0.43279778957366943,0.16858935356140137,0.12748269736766815,0.22482962906360626,0.05066688358783722,0.3012585937976837,96.34410858154297,2.982790231704712
by the law,piika,,0.4962327480316162,0.28048092126846313,3.772257089614868,-6.353196144104004,0.35712286829948425,0.15004758536815643,0.13555790483951569,0.20913925766944885,0.01937403902411461,0.30308783054351807,87.37574768066406,2.641965866088867
Come Outside,ken carson,,0.567280650138855,0.35739395022392273,4.445833206176758,-7.389176368713379,0.4246010482311249,0.18073976039886475,0.1472877860069275,0.24118097126483917,0.033643778413534164,0.3298749327659607,104.4452896118164,3.1691715717315674
Surrounded (feat Slump6s),sgpwes,pluggnb,0.4790467917919159,0.312589555978775,3.7589187622070312,-6.040621757507324,0.3158954977989197,0.16118311882019043,0.10333572328090668,0.19439902901649475,0.022365229204297066,0.28465330600738525,86.48400115966797,2.684924840927124
Commas,slump6s,pluggnb,0.5232710838317871,0.40133607387542725,4.473506450653076,-7.188388824462891,0.4139690697193146,0.2053055465221405,0.13014034926891327,0.2225285768508911,0.06952579319477081,0.2853834629058838,103.96580505371094,3.181736469268799
skeleton,playboi carti,"atl hip hop, plugg, pluggnb, rap",0.5287280082702637,0.3714155852794647,4.309007167816162,-6.842476844787598,0.4088277220726013,0.1870722770690918,0.135604590177536,0.24129410088062286,0.07182791829109192,0.30909740924835205,97.1607666015625,3.100635051727295
children,slump6s,pluggnb,0.534346342086792,0.34413787722587585,4.113219738006592,-6.7111053466796875,0.3598875105381012,0.1735938936471939,0.13931143283843994,0.2200770378112793,0.026560666039586067,0.3240439295768738,95.19866943359375,2.9134316444396973
Toy Barn,sematary,cloud rap,0.5625454187393188,0.4029478132724762,4.492012023925781,-7.2685441970825195,0.40770265460014343,0.20963454246520996,0.15751782059669495,0.24806547164916992,0.06623853743076324,0.330203652381897,103.6288070678711,3.2964088916778564
Gout,joeyy,cloud rap,0.5880163311958313,0.37722623348236084,4.6038618087768555,-7.592584609985352,0.420233815908432,0.19268256425857544,0.1472235918045044,0.25559425354003906,0.03458089381456375,0.3333926200866699,108.03998565673828,3.281545400619507
Blood Fyah (produced by babatobi duwopxo),duwap kaine,"dark plugg, pluggnb, vapor trap",0.5809893012046814,0.3800656199455261,4.5228681564331055,-7.313688278198242,0.39353325963020325,0.21332477033138275,0.17605353891849518,0.23193292319774628,0.059152115136384964,0.35777831077575684,104.06980895996094,3.2354068756103516
Elfen lied 222,"hi-c, hic","chicago bop, cloud rap, glitchcore, plugg, sigilkore",0.5002883672714233,0.34299060702323914,4.323429107666016,-6.920255661010742,0.5045019388198853,0.14888551831245422,0.09378606081008911,0.21867866814136505,0.07788293063640594,0.28561103343963623,95.73836517333984,3.117687702178955
catch up wit u!,autumn!,"emoplugg, glitchcore, plugg, pluggnb",0.5528373718261719,0.3845309913158417,4.572403430938721,-7.027440071105957,0.4009627103805542,0.18760257959365845,0.10957406461238861,0.21195916831493378,0.03820040449500084,0.30701130628585815,104.66016387939453,3.1085503101348877
State Patrol,duwap kaine,"dark plugg, pluggnb, vapor trap",0.5449167490005493,0.37097498774528503,4.33268928527832,-7.258686065673828,0.4452298879623413,0.18454603850841522,0.1548796147108078,0.2393682897090912,0.05012429133057594,0.334932804107666,99.02352905273438,3.091252326965332
I Serve the Base,future,"atl hip hop, hip hop, rap, southern hip hop, trap",0.5460734963417053,0.33299747109413147,4.347741603851318,-7.202888488769531,0.40003201365470886,0.18309380114078522,0.15770545601844788,0.2417190670967102,0.010469407774508,0.3323129415512085,99.46731567382812,3.0410163402557373
4 Morant,doja cat,"dance pop, pop",0.5989149808883667,0.4306207597255707,4.806897163391113,-8.080130577087402,0.5116996169090271,0.20079773664474487,0.16082024574279785,0.261176198720932,0.07659081369638443,0.3455328345298767,110.17198181152344,3.4837090969085693
red drop shawty,"lil peep, kirblagoop","cloud rap, emo rap, lgbtq+ hip hop",0.5280247330665588,0.3937995433807373,4.275208473205566,-6.8251142501831055,0.4543384909629822,0.16548992693424225,0.10961304605007172,0.24160969257354736,0.07610774040222168,0.2899866998195648,98.57198333740234,3.074855327606201
no religion (prod. teegup x desmos),piika,,0.5223442316055298,0.3565085530281067,4.218797206878662,-6.532052040100098,0.37347540259361267,0.1720748096704483,0.10243935883045197,0.21660134196281433,0.031625039875507355,0.29930174350738525,97.2662582397461,2.9258177280426025
Play Wit It,duwap kaine,"dark plugg, pluggnb, vapor trap",0.6042006611824036,0.4244658946990967,4.691799640655518,-7.676901817321777,0.4209226667881012,0.20534169673919678,0.15772266685962677,0.22604374587535858,0.05668923631310463,0.36820852756500244,110.62757873535156,3.3169445991516113
1 way (prove me right </3)prod. @fuckoxy1,lucki,plugg,0.5389750003814697,0.38233453035354614,4.26627779006958,-6.624767303466797,0.3479454815387726,0.17710095643997192,0.10770392417907715,0.21274413168430328,0.029436996206641197,0.3087416887283325,99.81522369384766,2.9653804302215576
Juice,chance the rapper,"chicago rap, conscious hip hop, hip hop, pop rap, rap",0.5674711465835571,0.41330990195274353,4.424084663391113,-7.251858711242676,0.3624425232410431,0.23585245013237,0.1626708209514618,0.21443043649196625,0.06137024983763695,0.3687590956687927,102.61214447021484,3.264807939529419
caught up p. jankdivine,surge,,0.5138825178146362,0.3150308430194855,3.9794745445251465,-6.53126335144043,0.3669518828392029,0.16427475214004517,0.13911062479019165,0.21662893891334534,0.03785858303308487,0.2986796498298645,92.3011703491211,2.8108294010162354
love lights (prod. danny wolf),"yunggoth, yunggoth✰","cloud rap, dark trap, emo rap",0.5318307876586914,0.34897300601005554,4.089743137359619,-6.550572395324707,0.34080779552459717,0.17720289528369904,0.13347801566123962,0.22161443531513214,0.037029657512903214,0.3136388659477234,94.93367767333984,2.8937301635742188
TURNINUP,"destroylonely, destroy lonely",,0.5061703324317932,0.35839158296585083,3.9302074909210205,-6.311901092529297,0.33538928627967834,0.16947342455387115,0.11460798978805542,0.21027757227420807,0.05475608631968498,0.29391777515411377,91.59741973876953,2.864515542984009
Split Remix,yeat,pluggnb,0.5576536059379578,0.37334489822387695,4.485677719116211,-7.548710823059082,0.4623108208179474,0.1773829609155655,0.12525229156017303,0.24064818024635315,0.04286978766322136,0.3133072853088379,104.0706787109375,3.211723566055298
Wheres The Blow!,ski mask the slump god,"hip hop, miami hip hop, rap, underground hip hop",0.5585967302322388,0.40133240818977356,4.281435966491699,-6.840230941772461,0.3313140869140625,0.2010253667831421,0.14234277606010437,0.20900554955005646,0.04696456715464592,0.34024977684020996,100.06664276123047,3.0795791149139404
used2it prod natecxo,slump6s,pluggnb,0.5061544179916382,0.3175756335258484,3.983952283859253,-6.6101484298706055,0.37015390396118164,0.16265015304088593,0.11783759295940399,0.21044287085533142,0.02600354328751564,0.2929431200027466,93.00907897949219,2.817394256591797
Tony Montana,"kanii, kkanii",,0.4931027293205261,0.36775246262550354,3.8628010749816895,-6.039414405822754,0.312267541885376,0.18021805584430695,0.09882552921772003,0.20293958485126495,0.05707487836480141,0.2963525354862213,89.12106323242188,2.8326001167297363
We On It (feat. Dboylo),rowdy rebel,['nyc rap'],0.5222834348678589,0.33555492758750916,4.0939249992370605,-6.701032638549805,0.39007461071014404,0.17175528407096863,0.1301148533821106,0.20164024829864502,0.026202574372291565,0.328946590423584,93.31697845458984,2.885202407836914
up / big tonka rmx,slump6s archive,,0.42300495505332947,0.2736817002296448,3.2307584285736084,-5.03515625,0.22907355427742004,0.1364058405160904,0.09598912298679352,0.16189070045948029,0.021551048383116722,0.27411791682243347,73.98474884033203,2.2809228897094727
Without U (Prod. Greaf),spooky black,['cloud rap'],0.5092576146125793,0.35198676586151123,4.2319512367248535,-7.086938858032227,0.43471744656562805,0.1813812106847763,0.13791874051094055,0.23492737114429474,0.05398031324148178,0.2995426654815674,95.8775634765625,3.006897211074829
Work (prod. rocco noah) #ONE,"1of1 soldier, 1of1soldier",,0.5256364345550537,0.3355921804904938,4.3022871017456055,-6.735452651977539,0.34671875834465027,0.17653705179691315,0.12448123097419739,0.2253357172012329,0.015645090490579605,0.29814669489860535,97.94976806640625,2.937458038330078
loved me (prod. lilskys),yunggoth✰,"cloud rap, dark trap, emo rap",0.538498044013977,0.3558269143104553,3.9737508296966553,-6.537659645080566,0.31893888115882874,0.18889883160591125,0.1550671011209488,0.2134844958782196,0.04986142739653587,0.345603883266449,94.10824584960938,2.8571391105651855
veins (prod. greaf),lil peep,"cloud rap, emo rap, lgbtq+ hip hop",0.5316228866577148,0.3930898904800415,4.37539005279541,-7.329586029052734,0.4385456144809723,0.18623211979866028,0.11770352721214294,0.2336772382259369,0.05303575471043587,0.31221234798431396,101.07430267333984,3.1764276027679443
WALKED IN (PROD. SAURON),eem triplin,,0.5389070510864258,0.3304990231990814,4.018387794494629,-6.597543716430664,0.32635536789894104,0.17850910127162933,0.1489758938550949,0.2171899378299713,0.024268122389912605,0.3292863965034485,94.62965393066406,2.8399946689605713
wont be long (prod. fantom),piika,,0.5253105759620667,0.34427937865257263,4.100472927093506,-6.800289154052734,0.3893504738807678,0.1719522774219513,0.14242123067378998,0.23432305455207825,0.05304575711488724,0.3211479187011719,94.40745544433594,2.939979076385498
yuh/ still 2 the bank i laugh (all platforms),coolersrvnge,,0.51006680727005,0.3480468988418579,4.251612186431885,-6.970100402832031,0.4462006986141205,0.16131079196929932,0.11096903681755066,0.22705547511577606,0.06629117578268051,0.2579391300678253,97.97078704833984,3.013427257537842
Whole Thang (Prod. By Chris Fresh),unotheactivist,"melodic rap, plugg, vapor trap",0.5219475030899048,0.3402044475078583,4.006241798400879,-6.546258926391602,0.3754883110523224,0.16743585467338562,0.12231339514255524,0.197428360581398,0.02355753257870674,0.33088552951812744,91.9546127319336,2.8413922786712646
Y NOT FREESTYLE,tony shhnow,"dark plugg, pluggnb, plugg, vapor trap",0.5523478984832764,0.34778329730033875,4.518242359161377,-6.945131301879883,0.5085315108299255,0.1525164395570755,0.11974602937698364,0.22723475098609924,0.08122509717941284,0.3190196752548218,99.82916259765625,3.090254545211792
You Can Feel (Kering),14vvs,,0.47735676169395447,0.3444211184978485,3.8197920322418213,-6.206979751586914,0.3451104164123535,0.16342394053936005,0.11222735047340393,0.20591214299201965,0.06486603617668152,0.2699662446975708,87.58182525634766,2.762768030166626
We Got Glocks Out prod. 30nickk,kankan,pluggnb,0.5225187540054321,0.33865734934806824,4.1354193687438965,-6.679561614990234,0.3710819184780121,0.17392884194850922,0.11297371983528137,0.2112770676612854,0.04093959555029869,0.28766706585884094,96.87397003173828,2.9154343605041504
VAmPStR Hi-c- M0lliwh0PiN XD (bay area Freeverse),"hi-c, hic","chicago bop, cloud rap, glitchcore, plugg, sigilkore",0.5455321669578552,0.393021821975708,4.429917812347412,-7.470274925231934,0.4450407326221466,0.19034671783447266,0.13549257814884186,0.2377839982509613,0.055740758776664734,0.3211830258369446,101.3255615234375,3.2079410552978516
Uh Huh Prod XanGang,kankan,pluggnb,0.5534887313842773,0.3369467854499817,4.375278472900391,-7.267207145690918,0.40807268023490906,0.17949067056179047,0.14930300414562225,0.24043488502502441,0.00801651831716299,0.3341370224952698,100.2095718383789,3.0496718883514404
WHAT THE FUCK RIGHT NOW,"tyler, tyler the creator, the creator, a$ap rocky, asap rocky","east coast hip hop, hip hop, rap, trap",0.5937378406524658,0.42589569091796875,4.840471267700195,-7.983338356018066,0.4777708351612091,0.2150198370218277,0.16379433870315552,0.24718305468559265,0.057291142642498016,0.3579922318458557,111.25733184814453,3.4629244804382324
You > Them (Hate It!) (prod. Twinuzis),"autumn!, autumn twinuzis","emoplugg, pluggnb, plugg, glitchcore",0.5924363732337952,0.4062715172767639,4.7460432052612305,-7.843587875366211,0.44131988286972046,0.21091598272323608,0.19223815202713013,0.2577666640281677,0.07202360033988953,0.37354516983032227,109.19115447998047,3.4203743934631348
Trisiana Feat Summrs (Prod. Wifi & Yetii),kankan,pluggnb,0.4986403286457062,0.37672650814056396,4.165141582489014,-6.282107353210449,0.33201536536216736,0.17118875682353973,0.08121445775032043,0.19252103567123413,0.024075355380773544,0.2768298387527466,95.58535766601562,2.871305227279663
Weather W/ KanKan (Prod. Zayskillz & Bhristo),"macten, kankan",pluggnb,0.5660452246665955,0.3511749505996704,4.415356636047363,-7.233431816101074,0.40264633297920227,0.18603673577308655,0.15367692708969116,0.24312442541122437,0.017375469207763672,0.33506113290786743,102.32453155517578,3.109513282775879
WingRiddenAngel (Prod. Kellbender),xxxtentacion,"emo rap, miami hip hop",0.5213131904602051,0.3113701343536377,4.206383228302002,-7.121423721313477,0.4186514616012573,0.16221612691879272,0.1525939702987671,0.2525179386138916,0.055348511785268784,0.28373032808303833,97.45736694335938,2.968322992324829
Culture Shock,"clams casino, death grips","cloud rap, experimental hip hop, psychedelic hip hop, wonky",0.6325521469116211,0.44530391693115234,5.2425537109375,-8.643972396850586,0.5703808069229126,0.21248212456703186,0.16268520057201385,0.28218889236450195,0.08724066615104675,0.35793864727020264,119.60511016845703,3.7461929321289062
TERMINAL RELATIONS,makai alexander,,0.5474194884300232,0.3659823536872864,4.560591697692871,-7.512237548828125,0.44363343715667725,0.222171813249588,0.19571657478809357,0.2473817616701126,0.10143895447254181,0.3306499719619751,103.91201782226562,3.31430721282959
Outchea,playboi carti,"atl hip hop, plugg, pluggnb, rap",0.489760160446167,0.3802117109298706,4.057383060455322,-6.760306358337402,0.3960580825805664,0.17676043510437012,0.09723813831806183,0.20855613052845,0.044216591864824295,0.28278136253356934,93.72933959960938,2.9917283058166504
Walk  In,rich amiri,,,,,,,,,,,,,
kankan  fraud (prod arena),"kankan, @prodarena_",pluggnb,0.49600014090538025,0.37239864468574524,4.008939743041992,-6.387310981750488,0.3691822588443756,0.16958613693714142,0.09163083136081696,0.21327388286590576,0.04847610741853714,0.27972766757011414,93.22852325439453,2.8840219974517822
Kankan  Might Be (w/ Arena & Cashheart),"2sided, kankan",pluggnb,0.5852225422859192,0.3724472224712372,4.4121623039245605,-7.264910697937012,0.38807186484336853,0.17767766118049622,0.15784959495067596,0.25249606370925903,0.0264449343085289,0.35410547256469727,104.28787231445312,3.115035057067871
Summrs  Imagine (prod. Lj),"summrs, lj","plugg, glitchcore",0.5448105335235596,0.3665214478969574,4.439780235290527,-6.983389854431152,0.3865225911140442,0.1858232170343399,0.12385740876197815,0.22481822967529297,0.03088809922337532,0.3063433766365051,102.57945251464844,3.0704598426818848
SoFaygo  Go (prod. Its2Ezzy),"sofaygo, elite leaks","plugg, glitchcore",0.5010823607444763,0.3575950860977173,3.7848432064056396,-5.871644020080566,0.29947009682655334,0.16458098590373993,0.10630594193935394,0.1953355371952057,0.03017680160701275,0.30598586797714233,89.36361694335938,2.698734760284424
Aint Missing  Prod XanGang,kankan,pluggnb,0.5730898380279541,0.4386504292488098,4.631474018096924,-7.188081741333008,0.3935406506061554,0.19898559153079987,0.12128749489784241,0.2268749177455902,0.05220969021320343,0.30845093727111816,108.65630340576172,3.2668609619140625
ssgkobe  what a day (prod. daytrip) (unreleased audio),"flexxovault, ssgkobe",['pluggnb'],0.5323655605316162,0.39422735571861267,4.3613786697387695,-6.924055099487305,0.3756048381328583,0.19720356166362762,0.12045566737651825,0.21775099635124207,0.049071259796619415,0.330432653427124,100.04776763916016,3.140188455581665
Kankan  hat4hat,"kankan, semi","pluggnb, pop rock, post-grunge",0.4511454701423645,0.29912978410720825,3.495208263397217,-5.623437881469727,0.30671393871307373,0.14183543622493744,0.07852433621883392,0.17769283056259155,0.03083121031522751,0.2701655626296997,81.58916473388672,2.508472442626953
ssgkobe  Out Of LA (unreleased),ssgkobe,['pluggnb'],0.578303873538971,0.4667982757091522,4.710714340209961,-7.303989410400391,0.3974962532520294,0.20642919838428497,0.1092735230922699,0.24397818744182587,0.06611371040344238,0.30161845684051514,110.94754028320312,3.4152653217315674
Summrs!  2020 (Prod. Cortdot) [YP4AM Exclusive],"summrs, yp4am","pluggnb, plugg, glitchcore",0.5309117436408997,0.31867897510528564,4.226510524749756,-6.791736602783203,0.3625623285770416,0.1765579879283905,0.13408130407333374,0.22165101766586304,0.005138374865055084,0.31303954124450684,95.95884704589844,2.8935606479644775
Sofaygo  Space Off A Perc,"sofaygo, edsauce","plugg, glitchcore",0.5055762529373169,0.3113914132118225,4.076981067657471,-6.386577606201172,0.3438785970211029,0.1722257286310196,0.1139320582151413,0.21260830760002136,0.014682769775390625,0.29750657081604004,92.73187255859375,2.795041084289551
Lucki  Cupid (Balenciaga Princess) [prod. Sachy & Wndws],"lucki, evers","plugg, atl hip hop",0.5203716158866882,0.37810081243515015,4.182004451751709,-6.902887344360352,0.40639880299568176,0.1776885986328125,0.09805111587047577,0.2094203233718872,0.040122248232364655,0.30368906259536743,97.4874496459961,3.0317790508270264
SoFaygo  Late Night Ft. SSG Kobe,"sofaygo, sofaygo archive","pluggnb, plugg, glitchcore",0.48342132568359375,0.31832563877105713,3.7325127124786377,-6.165522575378418,0.3222225308418274,0.1631428599357605,0.13987621665000916,0.2064594179391861,0.04683098569512367,0.2862672507762909,87.6498794555664,2.66937255859375
lil candypaint  trackhawk (prodbycade),"lilcandypaint, hades 𖤐",,0.5824345946311951,0.39534953236579895,4.7722320556640625,-7.835269927978516,0.46532830595970154,0.20398618280887604,0.16999952495098114,0.2657250165939331,0.07133572548627853,0.3263166546821594,109.55443572998047,3.354100227355957
yunggoth✰  runnin away (prod. cryjng),"belleb, yunggoth","['cloud rap', 'dark trap', 'emo rap']",0.507530152797699,0.35561564564704895,4.104243278503418,-6.62725830078125,0.4101366102695465,0.16783149540424347,0.12529994547367096,0.22656570374965668,0.06787959486246109,0.29347413778305054,94.1254653930664,2.928239107131958
SSG Kobe  Go Hard,"ssgkobe, backend media",['pluggnb'],0.5647343993186951,0.39339759945869446,4.406723976135254,-7.039438247680664,0.37015822529792786,0.19496029615402222,0.16275903582572937,0.23458194732666016,0.059025559574365616,0.3394654393196106,103.40751647949219,3.0772881507873535
Yeat  Split  best remix,"yeat, dexter","redneck, pluggnb",0.5299005508422852,0.3691709637641907,4.319216728210449,-7.2325849533081055,0.44571584463119507,0.17048561573028564,0.10722458362579346,0.22124144434928894,0.04463434964418411,0.29995298385620117,100.08290100097656,3.0993316173553467
Summrs  Usain (prod. june x yuntec),"summrs, june","cali rap, plugg, glitchcore",0.48064514994621277,0.3286581337451935,3.8573951721191406,-6.097768783569336,0.324825257062912,0.1716415137052536,0.1075328141450882,0.19160106778144836,0.02627856470644474,0.30901026725769043,87.92408752441406,2.730332612991333
sgpwes  money tall (official fendimix),"omgitsfendi, sgpwes",pluggnb,0.5046908259391785,0.3481021523475647,4.075750350952148,-6.545087814331055,0.34282317757606506,0.17670227587223053,0.1038648933172226,0.2010129690170288,0.018201429396867752,0.29991471767425537,93.59999084472656,2.9058940410614014
SoFaygo  Let The Girls Slay,sofaygo,"plugg, glitchcore",0.5963466167449951,0.40698450803756714,4.644097805023193,-7.667829513549805,0.3816719651222229,0.23756833374500275,0.1813221424818039,0.22693876922130585,0.04978816211223602,0.38106274604797363,107.33740997314453,3.348109006881714
Destroylonely  A Minute,"finesse world, destroy lonely",,0.5259105563163757,0.350195974111557,4.248345375061035,-7.191082954406738,0.4424596130847931,0.1724412441253662,0.13585874438285828,0.2292323261499405,0.05483260378241539,0.30763155221939087,97.50215911865234,3.031999349594116
Autumn & Summrs  Cliche (prod. luvniko x mike frost),"summrs, autumn, luvniko","emoplugg, pluggnb, plugg, glitchcore",0.4184270203113556,0.27414751052856445,3.486529588699341,-5.224874496459961,0.2761826515197754,0.1599210649728775,0.10415461659431458,0.17238089442253113,0.023060865700244904,0.2649582624435425,77.55933380126953,2.3719754219055176
sofaygo + antguapo  holy ghost (prod. bryceunknwn & cv) [$hmoney + dj banned + bluffa plug],"antguapo, sofaygo, hmoney exclusives","plugg, glitchcore",0.460260272026062,0.3034021556377411,3.7591464519500732,-6.01632022857666,0.3163747489452362,0.16995938122272491,0.1156313568353653,0.18772844970226288,0.010340537875890732,0.2894206643104553,85.09284210205078,2.652437925338745
lucki x babyface ray  young og,"lucki, babyface ray, vanity6below","detroit trap, detroit hip hop, plugg",0.5765063762664795,0.3471679389476776,4.38663911819458,-7.445788383483887,0.43793073296546936,0.1777411848306656,0.1786326766014099,0.2547958195209503,0.03610317409038544,0.3526867628097534,101.66791534423828,3.0998547077178955
Summrs!  1017 ALYX (prod. Mingo)[YP4AM Exclusive],summrs,"plugg, glitchcore",0.5700647830963135,0.3694693148136139,4.665519714355469,-7.349770545959473,0.4163152575492859,0.19141213595867157,0.10861748456954956,0.23640912771224976,0.03470548614859581,0.30786728858947754,107.90160369873047,3.1821112632751465
Summrs  Chanelly (prod Wifi & Lj),summrs,"plugg, glitchcore",0.44957298040390015,0.31336331367492676,3.5605649948120117,-5.41348934173584,0.30155226588249207,0.14651192724704742,0.07240529358386993,0.16733403503894806,0.02816958539187908,0.25710994005203247,82.16920471191406,2.4702446460723877
lil peep  suck my blood (prod lederrick),lederrick,,0.5432149171829224,0.3406341075897217,4.10451078414917,-6.8281402587890625,0.39242687821388245,0.17553894221782684,0.1721886247396469,0.22991029918193817,0.05806718394160271,0.3565300703048706,97.02779388427734,2.899045944213867
SoFaygo  I'll Say (Prod. Woods) [Pink Heartz],"sofaygo, skbkirby","plugg, glitchcore",0.48393958806991577,0.34327155351638794,4.048290729522705,-6.436573028564453,0.35564544796943665,0.17628735303878784,0.10592961311340332,0.19854456186294556,0.03860626369714737,0.2718353867530823,93.30552673339844,2.8208019733428955
Iayze  Not A Blood/HotBoy Flow,"iayze, cam.rad",plugg,0.5633552074432373,0.3705960810184479,4.226564407348633,-6.872963905334473,0.3684925138950348,0.18483197689056396,0.15498587489128113,0.2269224226474762,0.05446562543511391,0.3370864987373352,99.21826171875,3.0009403228759766
Izaya Tiji  They Stare [Produced by Zen Beats],"izaya tiji, zen beats   zenbeats","pluggnb, plugg",0.5265591740608215,0.3678026795387268,4.281630039215088,-6.544198989868164,0.35691913962364197,0.17465178668498993,0.09627799689769745,0.19718192517757416,0.02312338724732399,0.30327415466308594,98.2721176147461,2.8976693153381348
SLUMP6S SURGE  SPENT PROD MATTHIAS STYNER TOOM YOUKNOWOZI,"crème de la crème, slump6s",pluggnb,0.5187714695930481,0.32350489497184753,3.7856311798095703,-6.234545707702637,0.32104912400245667,0.157276913523674,0.14801199734210968,0.22127105295658112,0.0303657203912735,0.3414766192436218,88.75772094726562,2.7066173553466797
Destroy Lonely  Messy Freestyle (clayco) (Fornever Exclusive),"@forneverradio, destroy lonely",,0.5004481673240662,0.303499311208725,3.874366521835327,-6.2440290451049805,0.335337370634079,0.1639855057001114,0.1333273947238922,0.21210861206054688,0.02820076048374176,0.3042500615119934,89.65632629394531,2.708529233932495
+ antguapo  holy ghost (prod. bryceunknwn & cv) [$hmoney + dj banned + bluffa plug],"antguapo, sofaygo","plugg, glitchcore",,,,,,,,,,,,
rocket,"fuck k, ssgkobe",['pluggnb'],0.44004642963409424,0.3217383921146393,3.69122052192688,-5.613694190979004,0.3159388601779938,0.15433719754219055,0.07790125906467438,0.18899697065353394,0.060828860849142075,0.24867881834506989,84.42613220214844,2.6260764598846436
I'll Say (Prod. Woods) [Pink Heartz],sofaygo,"plugg, glitchcore",,,,,,,,,,,,
Go (prod. Its2Ezzy),sofaygo,"plugg, glitchcore",,,,,,,,,,,,
Space Off A Perc,sofaygo,"plugg, glitchcore",,,,,,,,,,,,
Late Night Ft. SSG Kobe,sofaygo,"plugg, glitchcore",,,,,,,,,,,,
Let The Girls Slay,sofaygo,"plugg, glitchcore",,,,,,,,,,,,
what a day (prod. daytrip) (unreleased audio),ssgkobe,['pluggnb'],,,,,,,,,,,,
Out Of LA (unreleased),ssgkobe,['pluggnb'],,,,,,,,,,,,
Talk (prod. evasion2k & sorrovw),"willow, willows","afrofuturism, pop, post-teen pop",0.5026370286941528,0.33568117022514343,3.877302646636963,-6.3595170974731445,0.32271361351013184,0.16690859198570251,0.12118686735630035,0.2069215029478073,0.03642205521464348,0.3025236427783966,91.01717376708984,2.7872438430786133
so tired prod. bugzronin  nuu  ayefourteen,"hitechstef, sofaygo","plugg, glitchcore",0.5305556058883667,0.35398927330970764,4.201752185821533,-6.895003318786621,0.4059731066226959,0.17396098375320435,0.11953157186508179,0.21562209725379944,0.029267165809869766,0.31721436977386475,96.88726043701172,3.0221197605133057
buku (prod by whereis22  cade),wolfacejoeyy,pluggnb,0.5393341779708862,0.35907670855522156,4.52631950378418,-7.541388511657715,0.4510106146335602,0.20223650336265564,0.176488995552063,0.23964397609233856,0.07298386096954346,0.326862096786499,103.44281005859375,3.2466416358947754
dev & summrs  mia [lulrose  uglyfriend],devstacks,pluggnb,0.5587508082389832,0.3619312047958374,4.306540012359619,-6.970741271972656,0.3960917294025421,0.1837690770626068,0.13092896342277527,0.21716096997261047,0.035990867763757706,0.32695573568344116,101.1867446899414,3.023858070373535
Summrs  Ghost Glocks (prod. Jaxx  Hudson Major  Hurtboy AG),"summrs archived, summrs archive [ntr]",pluggnb,0.4574098587036133,0.32036179304122925,3.721269369125366,-6.000245094299316,0.36218389868736267,0.15546219050884247,0.09884847700595856,0.1892274171113968,0.05139489471912384,0.264184832572937,84.22901153564453,2.6358370780944824
skye (prod. by wisvoo  kabeh  allen core  farsight),wolfacejoeyy,pluggnb,0.5086967945098877,0.3582755923271179,4.208449363708496,-6.913120269775391,0.3687003254890442,0.1910235583782196,0.12881460785865784,0.2108994424343109,0.03513014316558838,0.31154435873031616,96.65641021728516,3.0030159950256348
runnin away (prod. cryjng),yunggoth,"['cloud rap', 'dark trap', 'emo rap']",,,,,,,,,,,,
Move Tha Work,408 darwin,,0.5725265741348267,0.38611239194869995,4.379459857940674,-7.194902420043945,0.3808728754520416,0.22548916935920715,0.18427301943302155,0.2236650586128235,0.07646895945072174,0.367969810962677,102.38011169433594,3.2211196422576904
Cry,weiland,"plugg, pluggnb",0.443128764629364,0.3055518567562103,3.515958786010742,-5.2692365646362305,0.28562280535697937,0.14716221392154694,0.0645468682050705,0.16841551661491394,0.05067788064479828,0.23507213592529297,81.17105865478516,2.4244840145111084
Baby Smoove - Under Cover (Prod By Tye Beats),"franchise, baby smoove","detroit trap, scam rap",0.5286835432052612,0.3463890552520752,4.210857391357422,-6.8375139236450195,0.36834481358528137,0.1918140947818756,0.16615049540996552,0.219817116856575,0.031002400442957878,0.3274155259132385,96.73622131347656,2.972832202911377
"splittin ya wig ft slump6s (prod mimo, greed, eli.yf)","slump6s, jaybuckk",pluggnb,0.5339494347572327,0.3401028513908386,4.245441913604736,-6.879485130310059,0.39114299416542053,0.17261190712451935,0.11767803132534027,0.21080489456653595,0.014673443511128426,0.32469600439071655,96.74922943115234,2.9191734790802
Famous Chance the Rapper,"chance the rapper, jet hasie","pop rap, chicago rap, hip hop, conscious hip hop, rap",0.5904850363731384,0.42976704239845276,4.927701950073242,-8.176011085510254,0.5024961233139038,0.22773458063602448,0.20192216336727142,0.28310295939445496,0.08659698069095612,0.366513729095459,112.87339782714844,3.5039114952087402
convenience,jaydes,"pluggnb, sigilkore",0.5752896666526794,0.3640683889389038,4.605227947235107,-7.522112846374512,0.48573097586631775,0.19080641865730286,0.19516737759113312,0.24515891075134277,0.07702477276325226,0.3783876299858093,103.84030151367188,3.2869033813476562
Total'd,toon1,,0.48520249128341675,0.3525146245956421,4.0233683586120605,-6.26807975769043,0.32755783200263977,0.1831561177968979,0.1027604192495346,0.2129283994436264,0.04602687805891037,0.25892534852027893,92.42259216308594,2.8492958545684814
POLAND REMIX,duwap kaine,"dark plugg, pluggnb, vapor trap",0.5069184899330139,0.2966694235801697,4.027087211608887,-6.827725410461426,0.4245019257068634,0.1507129669189453,0.13861733675003052,0.2319725900888443,0.05216481536626816,0.28729647397994995,93.0367660522461,2.8351759910583496
"MAIN ATTRAKIONZ - ""PERFECT SKIES"" (PRODUCED BY FRIENDZONE)",friendzone,,0.5560845732688904,0.4099428355693817,4.636960983276367,-7.687763214111328,0.4491635262966156,0.21134820580482483,0.14119571447372437,0.24890874326229095,0.06627157330513,0.3252232074737549,106.1158447265625,3.345395565032959
Izaya Tiji - Wanna Be The Goat ( Prod. BenjiCold ) [ Royale Radio Exclusive ],"royale radio, izaya tiji","pluggnb, plugg",0.5503665804862976,0.3540925085544586,4.202441692352295,-6.846747398376465,0.35886842012405396,0.17686834931373596,0.16417519748210907,0.258751779794693,0.04218689352273941,0.34638911485671997,98.10955047607422,2.98310923576355
\RUNNING OUT OF TIME/,ssgkobe,['pluggnb'],0.5829676389694214,0.40759074687957764,4.662293910980225,-7.702260971069336,0.43251800537109375,0.21356147527694702,0.1720733493566513,0.2560274600982666,0.07892248034477234,0.35000598430633545,107.82386779785156,3.3514981269836426
ALLDAWGSGOTOHEAVEN (prod. flvd4k),texakotyler,,0.5740081071853638,0.4241783916950226,4.568476676940918,-7.4295549392700195,0.4429362714290619,0.18768742680549622,0.11584199965000153,0.2393236607313156,0.04627276957035065,0.3157657980918884,107.01216125488281,3.2579946517944336
u,slump6s,pluggnb,0.5747368335723877,0.39768558740615845,4.5074872970581055,-7.548648834228516,0.4196220636367798,0.2274608612060547,0.19253414869308472,0.2470526546239853,0.06829561293125153,0.3625395894050598,104.50910949707031,3.3158652782440186
Gardena's Finest,"d. savage, d savage","plugg, vapor trap",0.5800413489341736,0.344277560710907,4.595773696899414,-7.613408088684082,0.4132154881954193,0.19505998492240906,0.1699422299861908,0.2563389539718628,0.0061453282833099365,0.3508731722831726,104.8022689819336,3.155278205871582
POLAND - LIL YACHTY(PROD. F1LTHY),"lil yachty, rd, lil boat","atl hip hop, melodic rap, rap, trap",0.5073792934417725,0.30321088433265686,3.962855100631714,-6.691486358642578,0.42313316464424133,0.14305636286735535,0.11683928966522217,0.2204136699438095,0.053862396627664566,0.28801417350769043,91.88876342773438,2.810606002807617
Tendencies,d. savage,"plugg, vapor trap",0.48694005608558655,0.2892915904521942,3.7878029346466064,-6.323514938354492,0.37824687361717224,0.1661226451396942,0.18406198918819427,0.22024014592170715,0.07109977304935455,0.3224889636039734,87.72347259521484,2.7241005897521973
SEMATARY & GHOST MOUNTAIN - NEW ROCKS **VIDEO IN DESCRIPTION**,sematary,cloud rap,0.49866557121276855,0.3371637761592865,4.071322917938232,-6.544950485229492,0.3848470151424408,0.16591911017894745,0.1207532286643982,0.21922048926353455,0.04688093066215515,0.280640184879303,93.79885864257812,2.8730764389038086
JD,friendzone,,0.5735769867897034,0.39526668190956116,4.71062707901001,-7.934665679931641,0.4495508372783661,0.22464926540851593,0.17027845978736877,0.2453537881374359,0.057541023939847946,0.3515757918357849,106.27066040039062,3.4014878273010254
SoFaygo - Hate When It Rains,"sofaygo, angelicmf (@angelicfaygo)","plugg, glitchcore",0.4382919371128082,0.2720579504966736,3.2724225521087646,-5.223986625671387,0.2559110224246979,0.13357023894786835,0.10738575458526611,0.18295739591121674,0.04447569698095322,0.28405097126960754,77.15465545654297,2.2740283012390137
ken carson - Kel Tec / Everytime ft. Destroy Lonely @BENJI EXCLUSIVE,"Ken Carson, Destroy Lonely",rage rap,0.5502187013626099,0.44024303555488586,4.619133472442627,-7.5872392654418945,0.4828524887561798,0.18252357840538025,0.08711540699005127,0.22441963851451874,0.07336464524269104,0.29234713315963745,106.64751434326172,3.375417709350586
50 (produced by malenkiyyarche),Duwap Kaine,"dark plugg, pluggnb, vapor trap",0.5540406703948975,0.4117259383201599,4.568480014801025,-7.661931037902832,0.4759431779384613,0.19064930081367493,0.12013809382915497,0.2583332359790802,0.07773613929748535,0.2991597056388855,106.04821014404297,3.3556699752807617
hardrock - bleh [prod. saint],Hardrock,rage rap,0.5631473660469055,0.35840481519699097,4.555259704589844,-7.446023941040039,0.4042729437351227,0.18682020902633667,0.13329480588436127,0.2285069227218628,0.008215639740228653,0.33427363634109497,105.66924285888672,3.12943959236145
KANYE WEST JESSE  (DONDA 2 LEAK),Kanye West,"rap, chicago rap, hip hop",0.5669437646865845,0.44313326478004456,4.564223766326904,-7.286713600158691,0.42470037937164307,0.20605666935443878,0.13256637752056122,0.23559729754924774,0.07076811790466309,0.3349919319152832,106.34496307373047,3.2645010948181152
Travis Scott - Lost Forever (feat. Westside Gunn) [leaked],Travis Scott,"rap, slap house, hip hop",0.5399124622344971,0.36361584067344666,4.28666877746582,-7.113127708435059,0.3944817781448364,0.19333146512508392,0.14506447315216064,0.23517131805419922,0.048135410994291306,0.3383650779724121,98.05830383300781,3.0655038356781006
Kanye West Never Forgive Yourself / Yeah I Know,Kanye West,"rap, chicago rap, hip hop",0.5784701108932495,0.38934022188186646,4.512381553649902,-7.287293434143066,0.36306214332580566,0.20799562335014343,0.15524537861347198,0.21785175800323486,0.04038412496447563,0.3492491841316223,105.75348663330078,3.209993362426758
destroy lonely - met gala,Destroy Lonely,rage rap,0.5265187621116638,0.3548761010169983,4.202113151550293,-6.575615882873535,0.36010661721229553,0.18248267471790314,0.11106149852275848,0.21051213145256042,0.028226260095834732,0.2967640161514282,97.09548950195312,2.958096742630005
mall grab x denzel curry x maxo kream,"Denzel Curry, Mall Grab, Maxo Kream","lo-fi house, houston rap, vapor trap, rap, aussietronica, dark trap, drill, underground hip hop, australian house, hip hop, melodic rap, miami hip hop",0.5158045887947083,0.3587453067302704,4.096002578735352,-6.855140686035156,0.39089998602867126,0.18852131068706512,0.13612304627895355,0.22281166911125183,0.061003297567367554,0.322148859500885,94.88592529296875,3.043926239013672
izaya sorry sorry,Izaya Tiji,"plugg, pluggnb, dream plugg",0.6667743921279907,0.503202497959137,5.320600509643555,-8.10235595703125,0.4211771488189697,0.22542262077331543,0.14669761061668396,0.25675761699676514,0.04222051799297333,0.35476481914520264,123.5567855834961,3.6551194190979004
Out on Bond,Duwap Kaine,"dark plugg, pluggnb, vapor trap",0.40681159496307373,0.25925055146217346,3.2785441875457764,-4.954877853393555,0.2665098011493683,0.1308797001838684,0.08081826567649841,0.1571105569601059,0.01767982915043831,0.24488800764083862,73.1299819946289,2.2395660877227783
skeleton playboicarti,Playboi Carti,"atl hip hop, rap, rage rap, plugg, pluggnb",0.5340715646743774,0.37410029768943787,4.350049018859863,-6.899702072143555,0.4146256446838379,0.1893203854560852,0.13796792924404144,0.24255172908306122,0.07331837713718414,0.3130897283554077,98.05211639404297,3.128744602203369
DJ KHALED - WHY THEY SO MAD FT. KANYE WEST (LEAK),Kanye West,"rap, chicago rap, hip hop",0.5136803984642029,0.3527996838092804,4.154644012451172,-6.887637138366699,0.41292861104011536,0.16848798096179962,0.10801024734973907,0.2137872576713562,0.04162173345685005,0.29388800263404846,95.96900177001953,2.9635703563690186
Yeat-Split (with build up intro) best version,Yeat,"pluggnb, rage rap",0.551364004611969,0.36420953273773193,4.41531229019165,-7.431334495544434,0.45307284593582153,0.17370164394378662,0.12659305334091187,0.23893116414546967,0.041187141090631485,0.3109225034713745,102.3674545288086,3.159000873565674
Yeat - Richer than ever/Weather (Extended & New Snippet),Yeat,"pluggnb, rage rap",,,,,,,,,,,,
Sky Reach (carti),Playboi Carti,"atl hip hop, rap, rage rap, plugg, pluggnb",0.5269641280174255,0.3491204082965851,4.245414733886719,-7.085515022277832,0.41766592860221863,0.170847550034523,0.12617699801921844,0.21604222059249878,0.04180637001991272,0.29744696617126465,98.24030303955078,3.0103468894958496
protect - optics,Optics,,0.5695480704307556,0.38362568616867065,4.564117908477783,-7.476909637451172,0.44889184832572937,0.19044843316078186,0.1424180418252945,0.24419572949409485,0.038117606192827225,0.34538543224334717,105.178955078125,3.2286980152130127
Kendrick Lamar - Bitchface,Kendrick Lamar,"west coast rap, conscious hip hop, rap, hip hop",0.5894889235496521,0.4038563668727875,4.477256774902344,-7.414226531982422,0.3852979242801666,0.2186019867658615,0.19001586735248566,0.22673051059246063,0.06503403931856155,0.37618589401245117,105.83960723876953,3.1970746517181396
Mind Da Stick (Certified Trapper Flow) (Prod. Wicced),Duwap Kaine,"dark plugg, pluggnb, vapor trap",0.5568637251853943,0.39791470766067505,4.51686429977417,-7.614789009094238,0.4753194749355316,0.18190956115722656,0.12215445935726166,0.2448868602514267,0.05729875713586807,0.31604570150375366,104.48091125488281,3.27426815032959
KANYE WEST - WE DID IT KID FT. WILL.I.AM (DONDA 2 LEAK),Kanye West,"rap, chicago rap, hip hop",0.5761315822601318,0.4229276776313782,4.7661542892456055,-7.820418357849121,0.47351089119911194,0.19331330060958862,0.13120539486408234,0.25330647826194763,0.08170683681964874,0.3066747188568115,110.2615966796875,3.409566879272461
Autumn - 50M Freestyle!  (prod Twinuzis),Autumn!,"plugg, glitchcore, pluggnb, emoplugg",0.5398222208023071,0.3345158100128174,4.179880619049072,-6.930383682250977,0.38740915060043335,0.16880783438682556,0.1385021209716797,0.24437372386455536,0.030436715111136436,0.3163844347000122,96.39128112792969,2.981210470199585
JID x YACHTY - Van Gogh,"Lil Yachty, JID","atl hip hop, rap, underground hip hop, trap, hip hop, melodic rap",0.5508479475975037,0.38390254974365234,4.3969645500183105,-7.309108734130859,0.42770060896873474,0.19061468541622162,0.1284078061580658,0.22245633602142334,0.03765976428985596,0.34421151876449585,100.53691864013672,3.1478943824768066
supervillian cash carti,Playboi Carti,"atl hip hop, rap, rage rap, plugg, pluggnb",,,,,,,,,,,,
OTL Beezy - Hibachi [Prod: F1LTHY] @DJPHATTT EXCLUSIVE,OTL Beezy,,0.5011984705924988,0.3441254496574402,4.18617582321167,-6.615200996398926,0.39766743779182434,0.17350034415721893,0.10567069053649902,0.20398953557014465,0.03423212468624115,0.28209418058395386,95.55752563476562,2.8927295207977295
Gone Forever(prod. insanto + gianni marchetti),pesoloaded,,0.4716666042804718,0.34669560194015503,3.789344072341919,-5.882579803466797,0.33481934666633606,0.15210869908332825,0.1054135411977768,0.19493170082569122,0.05652539059519768,0.2673417925834656,86.1877670288086,2.6831247806549072
Fuck DistroKid (Prod. Bainz),Duwap Kaine,"dark plugg, pluggnb, vapor trap",0.5852175354957581,0.4122578799724579,4.676070690155029,-7.530381202697754,0.37647417187690735,0.24523252248764038,0.18217796087265015,0.2377171367406845,0.07118013501167297,0.349804162979126,107.5021743774414,3.379540205001831
